{
    "velocimeters": [
        {
            "scale_and_alignment": [
                1.0,
                0.0,
                0.0,
                0.0,
                1.0,
                0.0,
                0.0,
                0.0,
                1.0
            ],
            "noise_variance": 0.00004445126050420168,
            "extrinsics": {
                "T": [
                    0.0,
                    0.0,
                    0.0
                ],
                "T_variance": [
                    9.999999974752427e-7,
                    9.999999974752427e-7,
                    9.999999974752427e-7
                ],
                "W": [
                    0.0,
                    0.0,
                    0.0
                ],
                "W_variance": [
                    9.999999974752427e-5,
                    9.999999974752427e-5,
                    9.999999974752427e-5
                ]
            }
        }
    ]
}
